set search_path = "Project"
select * from "Project"."customer"
select * from "Project"."hotel"
select * from "Project".room
INSERT INTO "Project".room (room_num,is_booked,price,has_tv,has_ac,room_cap,room_view,can_extend) values(1,false, 6336,true,true,12,'historic',false);
INSERT INTO "Project".room (room_num,is_booked,price,has_tv,has_ac,room_cap,room_view,can_extend) values(2,false, 9863,true,true,6,'okay',false);
INSERT INTO "Project".room (room_num,is_booked,price,has_tv,has_ac,room_cap,room_view,can_extend) values(3,false, 4234,true,true,7,'amazing',true);
INSERT INTO "Project".room (room_num,is_booked,price,has_tv,has_ac,room_cap,room_view,can_extend) values(4,false, 5280,true,false,11,'good',false);
INSERT INTO "Project".room (room_num,is_booked,price,has_tv,has_ac,room_cap,room_view,can_extend) values(5,false, 2917,true,false,1,'historic',true);
INSERT INTO "Project".room (room_num,is_booked,price,has_tv,has_ac,room_cap,room_view,can_extend) values(6,false, 4264,true,true,12,'amazing',false);
INSERT INTO "Project".room (room_num,is_booked,price,has_tv,has_ac,room_cap,room_view,can_extend) values(7,false, 1685,true,false,7,'amazing',false);
INSERT INTO "Project".room (room_num,is_booked,price,has_tv,has_ac,room_cap,room_view,can_extend) values(8,false, 8489,false,true,10,'okay',true);
INSERT INTO "Project".room (room_num,is_booked,price,has_tv,has_ac,room_cap,room_view,can_extend) values(9,false, 4458,true,false,6,'bad',true);
INSERT INTO "Project".room (room_num,is_booked,price,has_tv,has_ac,room_cap,room_view,can_extend) values(10,false, 177,false,false,3,'historic',true);
INSERT INTO "Project".room (room_num,is_booked,price,has_tv,has_ac,room_cap,room_view,can_extend) values(11,false, 4325,true,true,8,'good',false);
INSERT INTO "Project".room (room_num,is_booked,price,has_tv,has_ac,room_cap,room_view,can_extend) values(12,false, 1767,false,true,6,'bad',true);
INSERT INTO "Project".room (room_num,is_booked,price,has_tv,has_ac,room_cap,room_view,can_extend) values(13,false, 8409,false,false,2,'good',false);
INSERT INTO "Project".room (room_num,is_booked,price,has_tv,has_ac,room_cap,room_view,can_extend) values(14,false, 7820,false,false,1,'bad',true);
INSERT INTO "Project".room (room_num,is_booked,price,has_tv,has_ac,room_cap,room_view,can_extend) values(15,false, 5248,false,false,9,'historic',true);
INSERT INTO "Project".room (room_num,is_booked,price,has_tv,has_ac,room_cap,room_view,can_extend) values(16,false, 9217,false,true,12,'amazing',true);
INSERT INTO "Project".room (room_num,is_booked,price,has_tv,has_ac,room_cap,room_view,can_extend) values(17,false, 4572,false,false,10,'amazing',false);
INSERT INTO "Project".room (room_num,is_booked,price,has_tv,has_ac,room_cap,room_view,can_extend) values(18,false, 7478,false,true,7,'amazing',false);
INSERT INTO "Project".room (room_num,is_booked,price,has_tv,has_ac,room_cap,room_view,can_extend) values(19,false, 4470,true,true,9,'bad',false);
INSERT INTO "Project".room (room_num,is_booked,price,has_tv,has_ac,room_cap,room_view,can_extend) values(20,false, 2538,true,true,8,'good',true);
INSERT INTO "Project".room (room_num,is_booked,price,has_tv,has_ac,room_cap,room_view,can_extend) values(21,false, 1617,true,true,12,'okay',false);
INSERT INTO "Project".room (room_num,is_booked,price,has_tv,has_ac,room_cap,room_view,can_extend) values(22,false, 8314,true,false,1,'okay',true);
INSERT INTO "Project".room (room_num,is_booked,price,has_tv,has_ac,room_cap,room_view,can_extend) values(23,false, 5710,true,false,1,'okay',true);
INSERT INTO "Project".room (room_num,is_booked,price,has_tv,has_ac,room_cap,room_view,can_extend) values(24,false, 5588,true,true,9,'bad',false);
INSERT INTO "Project".room (room_num,is_booked,price,has_tv,has_ac,room_cap,room_view,can_extend) values(25,false, 561,true,true,12,'bad',true);
INSERT INTO "Project".room (room_num,is_booked,price,has_tv,has_ac,room_cap,room_view,can_extend) values(26,false, 7118,true,false,11,'okay',false);
INSERT INTO "Project".room (room_num,is_booked,price,has_tv,has_ac,room_cap,room_view,can_extend) values(27,false, 2896,false,true,8,'good',true);
INSERT INTO "Project".room (room_num,is_booked,price,has_tv,has_ac,room_cap,room_view,can_extend) values(28,false, 2770,true,true,7,'bad',true);
INSERT INTO "Project".room (room_num,is_booked,price,has_tv,has_ac,room_cap,room_view,can_extend) values(29,false, 4522,false,true,11,'bad',false);
INSERT INTO "Project".room (room_num,is_booked,price,has_tv,has_ac,room_cap,room_view,can_extend) values(30,false, 691,false,false,8,'amazing',true);
INSERT INTO "Project".room (room_num,is_booked,price,has_tv,has_ac,room_cap,room_view,can_extend) values(31,false, 4904,false,false,6,'good',true);
INSERT INTO "Project".room (room_num,is_booked,price,has_tv,has_ac,room_cap,room_view,can_extend) values(32,false, 1526,false,true,9,'okay',false);
INSERT INTO "Project".room (room_num,is_booked,price,has_tv,has_ac,room_cap,room_view,can_extend) values(33,false, 7289,true,false,8,'historic',false);
INSERT INTO "Project".room (room_num,is_booked,price,has_tv,has_ac,room_cap,room_view,can_extend) values(34,false, 9997,false,false,1,'okay',true);
INSERT INTO "Project".room (room_num,is_booked,price,has_tv,has_ac,room_cap,room_view,can_extend) values(35,false, 9213,false,true,6,'amazing',true);
INSERT INTO "Project".room (room_num,is_booked,price,has_tv,has_ac,room_cap,room_view,can_extend) values(36,false, 2301,true,true,4,'historic',true);
INSERT INTO "Project".room (room_num,is_booked,price,has_tv,has_ac,room_cap,room_view,can_extend) values(37,false, 2222,true,false,2,'good',false);
INSERT INTO "Project".room (room_num,is_booked,price,has_tv,has_ac,room_cap,room_view,can_extend) values(38,false, 6643,true,true,9,'historic',true);
INSERT INTO "Project".room (room_num,is_booked,price,has_tv,has_ac,room_cap,room_view,can_extend) values(39,false, 8648,true,true,1,'good',false);
INSERT INTO "Project".room (room_num,is_booked,price,has_tv,has_ac,room_cap,room_view,can_extend) values(40,false, 6903,true,true,12,'historic',false);
INSERT INTO "Project".room (room_num,is_booked,price,has_tv,has_ac,room_cap,room_view,can_extend) values(41,false, 1918,true,true,10,'bad',false);
INSERT INTO "Project".room (room_num,is_booked,price,has_tv,has_ac,room_cap,room_view,can_extend) values(42,false, 2116,false,false,1,'historic',false);
INSERT INTO "Project".room (room_num,is_booked,price,has_tv,has_ac,room_cap,room_view,can_extend) values(43,false, 2152,false,false,10,'amazing',false);
INSERT INTO "Project".room (room_num,is_booked,price,has_tv,has_ac,room_cap,room_view,can_extend) values(44,false, 2105,true,true,6,'okay',false);
INSERT INTO "Project".room (room_num,is_booked,price,has_tv,has_ac,room_cap,room_view,can_extend) values(45,false, 5373,false,true,2,'amazing',true);
INSERT INTO "Project".room (room_num,is_booked,price,has_tv,has_ac,room_cap,room_view,can_extend) values(46,false, 2858,false,false,2,'good',true);
INSERT INTO "Project".room (room_num,is_booked,price,has_tv,has_ac,room_cap,room_view,can_extend) values(47,false, 8549,true,false,6,'bad',true);
INSERT INTO "Project".room (room_num,is_booked,price,has_tv,has_ac,room_cap,room_view,can_extend) values(48,false, 1641,false,true,11,'okay',false);
INSERT INTO "Project".room (room_num,is_booked,price,has_tv,has_ac,room_cap,room_view,can_extend) values(49,false, 2330,true,false,1,'historic',false);
INSERT INTO "Project".room (room_num,is_booked,price,has_tv,has_ac,room_cap,room_view,can_extend) values(50,false, 1578,false,false,12,'amazing',true);

INSERT INTO "Project".hotel_brand (brand,main_office_location,phone_num) VALUES ('Daisu Hotels',(484,'Gray Road', 'Tokyo', 'Alberta', 'Italy') ,'377994288');
INSERT INTO "Project".hotel_brand (brand,main_office_location,phone_num) VALUES ('Ivay Hotels',(346,'Blue Street', 'England', 'Ontario', 'Canada') ,'871985339');
INSERT INTO "Project".hotel_brand (brand,main_office_location,phone_num) VALUES ('Lame Places',(159,'Orange Street', 'Toronto', 'British Columbia', 'Canada') ,'270340833');
INSERT INTO "Project".hotel_brand (brand,main_office_location,phone_num) VALUES ('Lotsa Rooms',(456,'Yellow Ave', 'Berlin', 'Ontario', 'Russia') ,'111678357');
INSERT INTO "Project".hotel_brand (brand,main_office_location,phone_num) VALUES ('Old Zealand Hotels',(410,'Orange Street', 'England', 'Manitoba', 'USA') ,'976611747');
INSERT INTO "Project".hotel_brand (brand,main_office_location,phone_num) VALUES ('Shulizany Hotels',(500,'Black Ave', 'England', 'Quebec', 'Italy') ,'967843368');
select * from hotel_to_brand
drop table hotel
INSERT INTO "Project".hotel (hotelid,stars,num_of_rooms,hotel_address,contact_email,phone_num) VALUES (1,2,3, (317,'White Road', 'Tripoli', 'Quebec', 'Russia'), 'Green@email.ca','809544689');
INSERT INTO "Project".hotel (hotelid,stars,num_of_rooms,hotel_address,contact_email,phone_num) VALUES (2,4,3, (162,'Burgendy Road', 'Moscow', 'Alberta', 'Italy'), 'Purple@email.ca','598552516');
INSERT INTO "Project".hotel (hotelid,stars,num_of_rooms,hotel_address,contact_email,phone_num) VALUES (3,5,2, (403,'Haze Ave', 'Montreal', 'Quebec', 'Russia'), 'Purple@email.ca','906398581');
INSERT INTO "Project".hotel (hotelid,stars,num_of_rooms,hotel_address,contact_email,phone_num) VALUES (4,2,3, (236,'Green Street', 'Tokyo', 'Alberta', 'Canada'), 'Yellow@email.ca','804989865');
INSERT INTO "Project".hotel (hotelid,stars,num_of_rooms,hotel_address,contact_email,phone_num) VALUES (5,5,3, (442,'Green Road', 'Moscow', 'Quebec', 'USA'), 'Burgendy@email.ca','154945148');
INSERT INTO "Project".hotel (hotelid,stars,num_of_rooms,hotel_address,contact_email,phone_num) VALUES (6,3,4, (386,'Yellow Road', 'Ottawa', 'British Columbia', 'Russia'), 'Black@email.ca','123277574');     
INSERT INTO "Project".hotel (hotelid,stars,num_of_rooms,hotel_address,contact_email,phone_num) VALUES (7,2,4, (151,'Red Ave', 'Toronto', 'Ontario', 'USA'), 'Black@email.ca','135815323');
INSERT INTO "Project".hotel (hotelid,stars,num_of_rooms,hotel_address,contact_email,phone_num) VALUES (8,4,3, (119,'Yellow Road', 'Tripoli', 'British Columbia', 'Canada'), 'White@email.ca','531515155');    
INSERT INTO "Project".hotel (hotelid,stars,num_of_rooms,hotel_address,contact_email,phone_num) VALUES (9,1,2, (411,'Green Road', 'Tokyo', 'Alberta', 'Italy'), 'Yellow@email.ca','981272844');
INSERT INTO "Project".hotel (hotelid,stars,num_of_rooms,hotel_address,contact_email,phone_num) VALUES (10,2,3, (256,'Black Ave', 'Tripoli', 'Quebec', 'Russia'), 'Neon@email.ca','559757132');
INSERT INTO "Project".hotel (hotelid,stars,num_of_rooms,hotel_address,contact_email,phone_num) VALUES (11,2,4, (172,'Haze Ave', 'Tripoli', 'Quebec', 'USA'), 'Orange@email.ca','613623472');
INSERT INTO "Project".hotel (hotelid,stars,num_of_rooms,hotel_address,contact_email,phone_num) VALUES (12,5,4, (98,'Black Street', 'Toronto', 'British Columbia', 'Russia'), 'Pink@email.ca','893122343');    
INSERT INTO "Project".hotel (hotelid,stars,num_of_rooms,hotel_address,contact_email,phone_num) VALUES (13,1,2, (69,'Burgendy Ave', 'Tripoli', 'British Columbia', 'Canada'), 'Haze@email.ca','969639969');    
INSERT INTO "Project".hotel (hotelid,stars,num_of_rooms,hotel_address,contact_email,phone_num) VALUES (14,5,1, (85,'Blue Ave', 'Ottawa', 'Alberta', 'Italy'), 'Gray@email.ca','342733439');
INSERT INTO "Project".hotel (hotelid,stars,num_of_rooms,hotel_address,contact_email,phone_num) VALUES (15,5,3, (200,'Haze Street', 'England', 'Quebec', 'Italy'), 'Orange@email.ca','948983488');
INSERT INTO "Project".hotel (hotelid,stars,num_of_rooms,hotel_address,contact_email,phone_num) VALUES (16,2,1, (339,'Orange Street', 'Vancouver', 'Ontario', 'USA'), 'Green@email.ca','127942859');
INSERT INTO "Project".hotel (hotelid,stars,num_of_rooms,hotel_address,contact_email,phone_num) VALUES (17,4,4, (242,'Neon Circle', 'Tripoli', 'Quebec', 'Canada'), 'Purple@email.ca','268394403');
INSERT INTO "Project".hotel (hotelid,stars,num_of_rooms,hotel_address,contact_email,phone_num) VALUES (18,3,1, (102,'Red Road', 'Toronto', 'Quebec', 'Italy'), 'Purple@email.ca','293129360');
INSERT INTO "Project".hotel (hotelid,stars,num_of_rooms,hotel_address,contact_email,phone_num) VALUES (19,5,3, (380,'Yellow Ave', 'Moscow', 'Quebec', 'Russia'), 'Purple@email.ca','617604612');
INSERT INTO "Project".hotel (hotelid,stars,num_of_rooms,hotel_address,contact_email,phone_num) VALUES (20,5,3, (186,'Neon Street', 'Ottawa', 'Ontario', 'Canada'), 'Green@email.ca','571442525');
INSERT INTO "Project".hotel (hotelid,stars,num_of_rooms,hotel_address,contact_email,phone_num) VALUES (21,2,2, (455,'Purple Road', 'Ottawa', 'Quebec', 'Italy'), 'Black@email.ca','456452625');
INSERT INTO "Project".hotel (hotelid,stars,num_of_rooms,hotel_address,contact_email,phone_num) VALUES (22,1,3, (448,'Yellow Circle', 'Tokyo', 'Alberta', 'Canada'), 'Haze@email.ca','661763453');
INSERT INTO "Project".hotel (hotelid,stars,num_of_rooms,hotel_address,contact_email,phone_num) VALUES (23,2,1, (299,'Orange Ave', 'Ottawa', 'Ontario', 'Russia'), 'Orange@email.ca','657946812');
INSERT INTO "Project".hotel (hotelid,stars,num_of_rooms,hotel_address,contact_email,phone_num) VALUES (24,5,4, (361,'Black Circle', 'Ottawa', 'Ontario', 'Italy'), 'Green@email.ca','250637440');
INSERT INTO "Project".hotel (hotelid,stars,num_of_rooms,hotel_address,contact_email,phone_num) VALUES (25,4,1, (287,'Green Ave', 'Moscow', 'Quebec', 'USA'), 'Black@email.ca','535614904');
INSERT INTO "Project".hotel (hotelid,stars,num_of_rooms,hotel_address,contact_email,phone_num) VALUES (26,5,1, (242,'Haze Circle', 'Berlin', 'British Columbia', 'USA'), 'White@email.ca','493280864');       
INSERT INTO "Project".hotel (hotelid,stars,num_of_rooms,hotel_address,contact_email,phone_num) VALUES (27,2,2, (214,'Burgendy Circle', 'Tokyo', 'Ontario', 'Russia'), 'White@email.ca','450914462');
INSERT INTO "Project".hotel (hotelid,stars,num_of_rooms,hotel_address,contact_email,phone_num) VALUES (28,1,1, (454,'Burgendy Circle', 'Toronto', 'Quebec', 'USA'), 'Orange@email.ca','749778375');
INSERT INTO "Project".hotel (hotelid,stars,num_of_rooms,hotel_address,contact_email,phone_num) VALUES (29,2,1, (371,'Burgendy Street', 'Tokyo', 'Alberta', 'Canada'), 'Neon@email.ca','132673023');
INSERT INTO "Project".hotel (hotelid,stars,num_of_rooms,hotel_address,contact_email,phone_num) VALUES (30,1,3, (48,'Haze Ave', 'England', 'Alberta', 'Italy'), 'Pink@email.ca','626565738');

INSERT INTO "Project".brand_to_hotel (hotelid,brand_name) VALUES ('1','Daisu Hotels');
INSERT INTO "Project".brand_to_hotel (hotelid,brand_name) VALUES ('2','Daisu Hotels');
INSERT INTO "Project".brand_to_hotel (hotelid,brand_name) VALUES ('3','Daisu Hotels');
INSERT INTO "Project".brand_to_hotel (hotelid,brand_name) VALUES ('4','Daisu Hotels');
INSERT INTO "Project".brand_to_hotel (hotelid,brand_name) VALUES ('5','Daisu Hotels');
INSERT INTO "Project".brand_to_hotel (hotelid,brand_name) VALUES ('6','Ivay Hotels');
INSERT INTO "Project".brand_to_hotel (hotelid,brand_name) VALUES ('7','Ivay Hotels');
INSERT INTO "Project".brand_to_hotel (hotelid,brand_name) VALUES ('8','Ivay Hotels');
INSERT INTO "Project".brand_to_hotel (hotelid,brand_name) VALUES ('9','Ivay Hotels');
INSERT INTO "Project".brand_to_hotel (hotelid,brand_name) VALUES ('10','Ivay Hotels');
INSERT INTO "Project".brand_to_hotel (hotelid,brand_name) VALUES ('11','Lame Places');
INSERT INTO "Project".brand_to_hotel (hotelid,brand_name) VALUES ('12','Lame Places');
INSERT INTO "Project".brand_to_hotel (hotelid,brand_name) VALUES ('13','Lame Places');
INSERT INTO "Project".brand_to_hotel (hotelid,brand_name) VALUES ('14','Lame Places');
INSERT INTO "Project".brand_to_hotel (hotelid,brand_name) VALUES ('15','Lame Places');
INSERT INTO "Project".brand_to_hotel (hotelid,brand_name) VALUES ('16','Lotsa Rooms');
INSERT INTO "Project".brand_to_hotel (hotelid,brand_name) VALUES ('17','Lotsa Rooms');
INSERT INTO "Project".brand_to_hotel (hotelid,brand_name) VALUES ('18','Lotsa Rooms');
INSERT INTO "Project".brand_to_hotel (hotelid,brand_name) VALUES ('19','Lotsa Rooms');
INSERT INTO "Project".brand_to_hotel (hotelid,brand_name) VALUES ('20','Lotsa Rooms');
INSERT INTO "Project".brand_to_hotel (hotelid,brand_name) VALUES ('21','Old Zealand Hotels');
INSERT INTO "Project".brand_to_hotel (hotelid,brand_name) VALUES ('22','Old Zealand Hotels');
INSERT INTO "Project".brand_to_hotel (hotelid,brand_name) VALUES ('23','Old Zealand Hotels');
INSERT INTO "Project".brand_to_hotel (hotelid,brand_name) VALUES ('24','Old Zealand Hotels');
INSERT INTO "Project".brand_to_hotel (hotelid,brand_name) VALUES ('25','Old Zealand Hotels');
INSERT INTO "Project".brand_to_hotel (hotelid,brand_name) VALUES ('26','Shulizany Hotels');
INSERT INTO "Project".brand_to_hotel (hotelid,brand_name) VALUES ('27','Shulizany Hotels');
INSERT INTO "Project".brand_to_hotel (hotelid,brand_name) VALUES ('28','Shulizany Hotels');
INSERT INTO "Project".brand_to_hotel (hotelid,brand_name) VALUES ('29','Shulizany Hotels');
INSERT INTO "Project".brand_to_hotel (hotelid,brand_name) VALUES ('30','Shulizany Hotels');

select * from employee
INSERT INTO "Project".employee(employee_sin,first_name,last_name,home_address) VALUES (1,'Danathan','Chang',(140,'Haze Road', 'Vancouver', 'Alberta', 'Russia') ;
INSERT INTO "Project".employee(employee_sin,first_name,last_name,home_address) VALUES (2,'Danathan','Huang',(113,'Haze Road', 'Moscow', 'Alberta', 'Russia') ;
INSERT INTO "Project".employee(employee_sin,first_name,last_name,home_address) VALUES (3,'Simoneo','Li',(492,'Red Circle', 'Montreal', 'British Columbia', 'Italy') ;
INSERT INTO "Project".employee(employee_sin,first_name,last_name,home_address) VALUES (4,'Danathan','Escobar',(246,'Haze Road', 'Ottawa', 'British Columbia', 'USA') ;
INSERT INTO "Project".employee(employee_sin,first_name,last_name,home_address) VALUES (5,'Josaephinea','Chang',(125,'Purple Ave', 'Tripoli', 'Alberta', 'Italy') ;
INSERT INTO "Project".employee(employee_sin,first_name,last_name,home_address) VALUES (6,'Kennethan','Li',(232,'Red Circle', 'Moscow', 'Alberta', 'Canada') ;
INSERT INTO "Project".employee(employee_sin,first_name,last_name,home_address) VALUES (7,'Danathan','Li',(353,'Black Road', 'Berlin', 'Ontario', 'Italy') ;
INSERT INTO "Project".employee(employee_sin,first_name,last_name,home_address) VALUES (8,'Chloola','Li',(492,'Neon Ave', 'Tripoli', 'Ontario', 'Canada') ;
INSERT INTO "Project".employee(employee_sin,first_name,last_name,home_address) VALUES (9,'Edwardo','Chang',(276,'Purple Ave', 'Tokyo', 'Quebec', 'Italy') ;
INSERT INTO "Project".employee(employee_sin,first_name,last_name,home_address) VALUES (10,'Danathan','Escobar',(447,'Yellow Street', 'Tokyo', 'Alberta', 'Canada') ;
INSERT INTO "Project".employee(employee_sin,first_name,last_name,home_address) VALUES (11,'Danathan','Huang',(44,'Haze Street', 'Toronto', 'Alberta', 'USA') ;
INSERT INTO "Project".employee(employee_sin,first_name,last_name,home_address) VALUES (12,'Kennethan','Escobar',(364,'Yellow Circle', 'Montreal', 'Ontario', 'Italy') ;
INSERT INTO "Project".employee(employee_sin,first_name,last_name,home_address) VALUES (13,'Danathan','Chang',(31,'Blue Road', 'Tokyo', 'Ontario', 'Italy') ;
INSERT INTO "Project".employee(employee_sin,first_name,last_name,home_address) VALUES (14,'Kennethan','Huang',(327,'Haze Street', 'Tripoli', 'Ontario', 'USA') ;
INSERT INTO "Project".employee(employee_sin,first_name,last_name,home_address) VALUES (15,'Danathan','Huang',(401,'Blue Road', 'Tripoli', 'Ontario', 'Russia') ;
INSERT INTO "Project".employee(employee_sin,first_name,last_name,home_address) VALUES (16,'Joeanne','Huang',(312,'Black Ave', 'Tokyo', 'Ontario', 'Russia') ;
INSERT INTO "Project".employee(employee_sin,first_name,last_name,home_address) VALUES (17,'Ronathan','Escobar',(398,'Black Street', 'Moscow', 'Quebec', 'Canada') ;
INSERT INTO "Project".employee(employee_sin,first_name,last_name,home_address) VALUES (18,'Erold','Lee',(268,'White Circle', 'Montreal', 'Manitoba', 'Canada') ;
INSERT INTO "Project".employee(employee_sin,first_name,last_name,home_address) VALUES (19,'Edwardo','Escobar',(377,'White Circle', 'Montreal', 'Manitoba', 'Canada') ;
INSERT INTO "Project".employee(employee_sin,first_name,last_name,home_address) VALUES (20,'Chloola','Huang',(20,'Green Ave', 'Berlin', 'British Columbia', 'Russia') ;
INSERT INTO "Project".employee(employee_sin,first_name,last_name,home_address) VALUES (21,'Josaephinea','Chang',(496,'Neon Ave', 'Toronto', 'Ontario', 'Russia') ;
INSERT INTO "Project".employee(employee_sin,first_name,last_name,home_address) VALUES (22,'Simoneo','Li',(56,'Orange Circle', 'Ottawa', 'Alberta', 'Canada') ;
INSERT INTO "Project".employee(employee_sin,first_name,last_name,home_address) VALUES (23,'Josaephinea','Escobar',(124,'Pink Ave', 'Berlin', 'Ontario', 'Russia') ;
INSERT INTO "Project".employee(employee_sin,first_name,last_name,home_address) VALUES (24,'Chloola','Lee',(455,'Neon Street', 'Berlin', 'Quebec', 'Italy') ;
INSERT INTO "Project".employee(employee_sin,first_name,last_name,home_address) VALUES (25,'Simoneo','Yauza',(139,'Black Street', 'Montreal', 'Ontario', 'USA') ;
INSERT INTO "Project".employee(employee_sin,first_name,last_name,home_address) VALUES (26,'Edwardo','Escobar',(439,'Red Road', 'Vancouver', 'British Columbia', 'Italy') ;
INSERT INTO "Project".employee(employee_sin,first_name,last_name,home_address) VALUES (27,'Kennethan','Yauza',(101,'Yellow Circle', 'Tripoli', 'Alberta', 'USA') ;
INSERT INTO "Project".employee(employee_sin,first_name,last_name,home_address) VALUES (28,'Joeanne','Yauza',(474,'Black Road', 'England', 'Manitoba', 'Russia') ;
INSERT INTO "Project".employee(employee_sin,first_name,last_name,home_address) VALUES (29,'Simoneo','Li',(379,'Orange Road', 'England', 'British Columbia', 'Italy') ;
INSERT INTO "Project".employee(employee_sin,first_name,last_name,home_address) VALUES (30,'Erold','Lee',(224,'Pink Street', 'Toronto', 'Quebec', 'USA') ;