set search_path = "Project"
select * from customer
INSERT INTO "Project".employee(employee_sin,first_name,last_name,home_address,salary) VALUES (1,'Joeanne','Escobar',(300,'Neon Street', 'Toronto', 'British Columbia', 'Italy') ,319);
INSERT INTO "Project".employee(employee_sin,first_name,last_name,home_address,salary) VALUES (2,'Erold','Li',(261,'Haze Street', 'Montreal', 'Quebec', 'Italy') ,8484);
INSERT INTO "Project".employee(employee_sin,first_name,last_name,home_address,salary) VALUES (3,'Simoneo','Yauza',(198,'Gray Circle', 'Ottawa', 'Quebec', 'Italy') ,4334);
INSERT INTO "Project".employee(employee_sin,first_name,last_name,home_address,salary) VALUES (4,'Simoneo','Yauza',(171,'Neon Street', 'Toronto', 'Ontario', 'Canada') ,1466);
INSERT INTO "Project".employee(employee_sin,first_name,last_name,home_address,salary) VALUES (5,'Danathan','Escobar',(82,'Yellow Street', 'Ottawa', 'British Columbia', 'USA') ,4914);
INSERT INTO "Project".employee(employee_sin,first_name,last_name,home_address,salary) VALUES (6,'Erold','Huang',(467,'Black Ave', 'Tripoli', 'Alberta', 'Italy') ,1920);
INSERT INTO "Project".employee(employee_sin,first_name,last_name,home_address,salary) VALUES (7,'Ronathan','Escobar',(201,'Green Ave', 'Moscow', 'Manitoba', 'USA') ,757);
INSERT INTO "Project".employee(employee_sin,first_name,last_name,home_address,salary) VALUES (8,'Erold','Yauza',(495,'Purple Street', 'Montreal', 'British Columbia', 'USA') ,7998);
INSERT INTO "Project".employee(employee_sin,first_name,last_name,home_address,salary) VALUES (9,'Joeanne','Chang',(44,'Blue Ave', 'Berlin', 'Ontario', 'Russia') ,8537);
INSERT INTO "Project".employee(employee_sin,first_name,last_name,home_address,salary) VALUES (10,'Danathan','Li',(80,'Yellow Ave', 'Ottawa', 'British Columbia', 'Canada') ,8839);
INSERT INTO "Project".employee(employee_sin,first_name,last_name,home_address,salary) VALUES (11,'Simoneo','Lee',(282,'Pink Street', 'Toronto', 'Quebec', 'Italy') ,7653);
INSERT INTO "Project".employee(employee_sin,first_name,last_name,home_address,salary) VALUES (12,'Edwardo','Huang',(422,'Gray Circle', 'Ottawa', 'British Columbia', 'Russia') ,6829);
INSERT INTO "Project".employee(employee_sin,first_name,last_name,home_address,salary) VALUES (13,'Ronathan','Lee',(202,'Yellow Ave', 'Montreal', 'Alberta', 'Russia') ,8219);
INSERT INTO "Project".employee(employee_sin,first_name,last_name,home_address,salary) VALUES (14,'Kennethan','Escobar',(125,'White Street', 'Ottawa', 'Ontario', 'Russia') ,1119);
INSERT INTO "Project".employee(employee_sin,first_name,last_name,home_address,salary) VALUES (15,'Chloola','Huang',(121,'Red Street', 'Moscow', 'British Columbia', 'Italy') ,8898);
INSERT INTO "Project".employee(employee_sin,first_name,last_name,home_address,salary) VALUES (16,'Kennethan','Lee',(63,'Yellow Circle', 'Moscow', 'Ontario', 'USA') ,2394);
INSERT INTO "Project".employee(employee_sin,first_name,last_name,home_address,salary) VALUES (17,'Josaephinea','Lee',(397,'Gray Circle', 'Tokyo', 'Manitoba', 'Canada') ,8999);
INSERT INTO "Project".employee(employee_sin,first_name,last_name,home_address,salary) VALUES (18,'Danathan','Li',(456,'Purple Street', 'Vancouver', 'Manitoba', 'Russia') ,688);
INSERT INTO "Project".employee(employee_sin,first_name,last_name,home_address,salary) VALUES (19,'Ronathan','Lee',(238,'Gray Street', 'Ottawa', 'Ontario', 'Italy') ,8676);
INSERT INTO "Project".employee(employee_sin,first_name,last_name,home_address,salary) VALUES (20,'Erold','Yauza',(168,'Blue Ave', 'Moscow', 'British Columbia', 'Italy') ,4371);
INSERT INTO "Project".employee(employee_sin,first_name,last_name,home_address,salary) VALUES (21,'Ronathan','Yauza',(313,'Red Street', 'Toronto', 'Manitoba', 'Italy') ,2679);
INSERT INTO "Project".employee(employee_sin,first_name,last_name,home_address,salary) VALUES (22,'Erold','Li',(282,'Black Street', 'Moscow', 'Quebec', 'Canada') ,5228);
INSERT INTO "Project".employee(employee_sin,first_name,last_name,home_address,salary) VALUES (23,'Simoneo','Escobar',(297,'Purple Circle', 'Berlin', 'Ontario', 'USA') ,9247);
INSERT INTO "Project".employee(employee_sin,first_name,last_name,home_address,salary) VALUES (24,'Joeanne','Chang',(152,'Red Road', 'Montreal', 'British Columbia', 'Russia') ,171);
INSERT INTO "Project".employee(employee_sin,first_name,last_name,home_address,salary) VALUES (25,'Simoneo','Escobar',(338,'Green Road', 'Tokyo', 'Quebec', 'Italy') ,7662);
INSERT INTO "Project".employee(employee_sin,first_name,last_name,home_address,salary) VALUES (26,'Joeanne','Huang',(192,'Purple Circle', 'Montreal', 'Ontario', 'USA') ,6233);
INSERT INTO "Project".employee(employee_sin,first_name,last_name,home_address,salary) VALUES (27,'Ronathan','Lee',(315,'Yellow Street', 'Ottawa', 'Ontario', 'Russia') ,3310);
INSERT INTO "Project".employee(employee_sin,first_name,last_name,home_address,salary) VALUES (28,'Joeanne','Yauza',(61,'Neon Circle', 'Ottawa', 'Ontario', 'USA') ,8668);
INSERT INTO "Project".employee(employee_sin,first_name,last_name,home_address,salary) VALUES (29,'Simoneo','Huang',(26,'Red Circle', 'Toronto', 'Manitoba', 'Canada') ,9325);
INSERT INTO "Project".employee(employee_sin,first_name,last_name,home_address,salary) VALUES (30,'Joeanne','Escobar',(152,'Yellow Road', 'Toronto', 'Quebec', 'USA') ,404);
INSERT INTO "Project".employee(employee_sin,first_name,last_name,home_address,salary) VALUES (31,'Kennethan','Escobar',(243,'Orange Road', 'Ottawa', 'Quebec', 'USA') ,7196);
INSERT INTO "Project".employee(employee_sin,first_name,last_name,home_address,salary) VALUES (32,'Josaephinea','Huang',(459,'Yellow Street', 'Toronto', 'Alberta', 'USA') ,6929);
INSERT INTO "Project".employee(employee_sin,first_name,last_name,home_address,salary) VALUES (33,'Ronathan','Li',(479,'Neon Ave', 'Toronto', 'British Columbia', 'Canada') ,3237);
INSERT INTO "Project".employee(employee_sin,first_name,last_name,home_address,salary) VALUES (34,'Joeanne','Escobar',(234,'White Ave', 'Moscow', 'British Columbia', 'Canada') ,5986);
INSERT INTO "Project".employee(employee_sin,first_name,last_name,home_address,salary) VALUES (35,'Edwardo','Lee',(153,'White Street', 'Vancouver', 'Alberta', 'Italy') ,4337);
INSERT INTO "Project".employee(employee_sin,first_name,last_name,home_address,salary) VALUES (36,'Simoneo','Li',(484,'Burgendy Ave', 'Berlin', 'Ontario', 'Italy') ,7522);
INSERT INTO "Project".employee(employee_sin,first_name,last_name,home_address,salary) VALUES (37,'Danathan','Chang',(320,'Pink Ave', 'Montreal', 'Alberta', 'Canada') ,1984);
INSERT INTO "Project".employee(employee_sin,first_name,last_name,home_address,salary) VALUES (38,'Josaephinea','Li',(424,'Red Street', 'Tokyo', 'Ontario', 'Italy') ,3649);
INSERT INTO "Project".employee(employee_sin,first_name,last_name,home_address,salary) VALUES (39,'Erold','Huang',(263,'White Road', 'Montreal', 'Ontario', 'Russia') ,8053);
INSERT INTO "Project".employee(employee_sin,first_name,last_name,home_address,salary) VALUES (40,'Danathan','Chang',(215,'Red Street', 'Toronto', 'Quebec', 'Italy') ,9244);
INSERT INTO "Project".employee(employee_sin,first_name,last_name,home_address,salary) VALUES (41,'Danathan','Yauza',(92,'Green Circle', 'Montreal', 'Quebec', 'USA') ,737);
INSERT INTO "Project".employee(employee_sin,first_name,last_name,home_address,salary) VALUES (42,'Edwardo','Li',(30,'Blue Road', 'Montreal', 'Manitoba', 'Canada') ,4819);
INSERT INTO "Project".employee(employee_sin,first_name,last_name,home_address,salary) VALUES (43,'Danathan','Lee',(130,'Orange Street', 'England', 'British Columbia', 'Italy') ,2080);
INSERT INTO "Project".employee(employee_sin,first_name,last_name,home_address,salary) VALUES (44,'Ronathan','Huang',(256,'Gray Road', 'Berlin', 'Alberta', 'Russia') ,2888);
INSERT INTO "Project".employee(employee_sin,first_name,last_name,home_address,salary) VALUES (45,'Ronathan','Yauza',(395,'Haze Ave', 'England', 'Ontario', 'Italy') ,2650);
INSERT INTO "Project".employee(employee_sin,first_name,last_name,home_address,salary) VALUES (46,'Kennethan','Yauza',(393,'Orange Ave', 'Berlin', 'Manitoba', 'USA') ,1691);
INSERT INTO "Project".employee(employee_sin,first_name,last_name,home_address,salary) VALUES (47,'Kennethan','Li',(469,'Purple Circle', 'Vancouver', 'Manitoba', 'USA') ,2997);
INSERT INTO "Project".employee(employee_sin,first_name,last_name,home_address,salary) VALUES (48,'Chloola','Escobar',(425,'Neon Road', 'Toronto', 'Ontario', 'Italy') ,907);
INSERT INTO "Project".employee(employee_sin,first_name,last_name,home_address,salary) VALUES (49,'Edwardo','Chang',(441,'Pink Road', 'Montreal', 'British Columbia', 'Canada') ,1937);
INSERT INTO "Project".employee(employee_sin,first_name,last_name,home_address,salary) VALUES (50,'Erold','Lee',(43,'Neon Circle', 'Moscow', 'Manitoba', 'Russia') ,4904);
INSERT INTO "Project".employee(employee_sin,first_name,last_name,home_address,salary) VALUES (51,'Kennethan','Chang',(143,'Pink Street', 'Tokyo', 'Quebec', 'Canada') ,791);
INSERT INTO "Project".employee(employee_sin,first_name,last_name,home_address,salary) VALUES (52,'Joeanne','Huang',(429,'Burgendy Circle', 'Tokyo', 'Manitoba', 'USA') ,2002);
INSERT INTO "Project".employee(employee_sin,first_name,last_name,home_address,salary) VALUES (53,'Danathan','Escobar',(222,'Gray Road', 'Toronto', 'Alberta', 'Russia') ,2005);
INSERT INTO "Project".employee(employee_sin,first_name,last_name,home_address,salary) VALUES (54,'Josaephinea','Chang',(273,'Neon Ave', 'Berlin', 'Manitoba', 'USA') ,8802);
INSERT INTO "Project".employee(employee_sin,first_name,last_name,home_address,salary) VALUES (55,'Joeanne','Chang',(239,'Orange Ave', 'Toronto', 'Quebec', 'Canada') ,8529);
INSERT INTO "Project".employee(employee_sin,first_name,last_name,home_address,salary) VALUES (56,'Josaephinea','Huang',(363,'Orange Ave', 'Moscow', 'Ontario', 'Canada') ,1809);
INSERT INTO "Project".employee(employee_sin,first_name,last_name,home_address,salary) VALUES (57,'Chloola','Chang',(422,'Green Street', 'Montreal', 'Quebec', 'USA') ,5501);
INSERT INTO "Project".employee(employee_sin,first_name,last_name,home_address,salary) VALUES (58,'Ronathan','Escobar',(291,'White Ave', 'Vancouver', 'Manitoba', 'Italy') ,6933);
INSERT INTO "Project".employee(employee_sin,first_name,last_name,home_address,salary) VALUES (59,'Danathan','Huang',(313,'Pink Circle', 'Tokyo', 'British Columbia', 'Canada') ,4122);
INSERT INTO "Project".employee(employee_sin,first_name,last_name,home_address,salary) VALUES (60,'Chloola','Li',(162,'Burgendy Road', 'Berlin', 'British Columbia', 'USA') ,3264);
select * from employee
select * from hotel
select * from emp_to_hotel

INSERT INTO "Project".emp_to_hotel(hotelID,employee_sin) VALUES ('21','0');
INSERT INTO "Project".emp_to_hotel(hotelID,employee_sin) VALUES ('16','1');
INSERT INTO "Project".emp_to_hotel(hotelID,employee_sin) VALUES ('1','2');
INSERT INTO "Project".emp_to_hotel(hotelID,employee_sin) VALUES ('22','3');
INSERT INTO "Project".emp_to_hotel(hotelID,employee_sin) VALUES ('30','4');
INSERT INTO "Project".emp_to_hotel(hotelID,employee_sin) VALUES ('21','5');
INSERT INTO "Project".emp_to_hotel(hotelID,employee_sin) VALUES ('10','6');
INSERT INTO "Project".emp_to_hotel(hotelID,employee_sin) VALUES ('4','7');
INSERT INTO "Project".emp_to_hotel(hotelID,employee_sin) VALUES ('20','8');
INSERT INTO "Project".emp_to_hotel(hotelID,employee_sin) VALUES ('2','9');
INSERT INTO "Project".emp_to_hotel(hotelID,employee_sin) VALUES ('27','10');
INSERT INTO "Project".emp_to_hotel(hotelID,employee_sin) VALUES ('20','11');
INSERT INTO "Project".emp_to_hotel(hotelID,employee_sin) VALUES ('21','12');
INSERT INTO "Project".emp_to_hotel(hotelID,employee_sin) VALUES ('24','13');
INSERT INTO "Project".emp_to_hotel(hotelID,employee_sin) VALUES ('10','14');
INSERT INTO "Project".emp_to_hotel(hotelID,employee_sin) VALUES ('14','15');
INSERT INTO "Project".emp_to_hotel(hotelID,employee_sin) VALUES ('17','16');
INSERT INTO "Project".emp_to_hotel(hotelID,employee_sin) VALUES ('24','17');
INSERT INTO "Project".emp_to_hotel(hotelID,employee_sin) VALUES ('30','18');
INSERT INTO "Project".emp_to_hotel(hotelID,employee_sin) VALUES ('29','19');
INSERT INTO "Project".emp_to_hotel(hotelID,employee_sin) VALUES ('26','20');
INSERT INTO "Project".emp_to_hotel(hotelID,employee_sin) VALUES ('2','21');
INSERT INTO "Project".emp_to_hotel(hotelID,employee_sin) VALUES ('17','22');
INSERT INTO "Project".emp_to_hotel(hotelID,employee_sin) VALUES ('21','23');
INSERT INTO "Project".emp_to_hotel(hotelID,employee_sin) VALUES ('5','24');
INSERT INTO "Project".emp_to_hotel(hotelID,employee_sin) VALUES ('5','25');
INSERT INTO "Project".emp_to_hotel(hotelID,employee_sin) VALUES ('30','26');
INSERT INTO "Project".emp_to_hotel(hotelID,employee_sin) VALUES ('30','27');
INSERT INTO "Project".emp_to_hotel(hotelID,employee_sin) VALUES ('21','28');
INSERT INTO "Project".emp_to_hotel(hotelID,employee_sin) VALUES ('9','29');
INSERT INTO "Project".emp_to_hotel(hotelID,employee_sin) VALUES ('18','30');
INSERT INTO "Project".emp_to_hotel(hotelID,employee_sin) VALUES ('26','31');
INSERT INTO "Project".emp_to_hotel(hotelID,employee_sin) VALUES ('4','32');
INSERT INTO "Project".emp_to_hotel(hotelID,employee_sin) VALUES ('9','33');
INSERT INTO "Project".emp_to_hotel(hotelID,employee_sin) VALUES ('28','34');
INSERT INTO "Project".emp_to_hotel(hotelID,employee_sin) VALUES ('22','35');
INSERT INTO "Project".emp_to_hotel(hotelID,employee_sin) VALUES ('14','36');
INSERT INTO "Project".emp_to_hotel(hotelID,employee_sin) VALUES ('19','37');
INSERT INTO "Project".emp_to_hotel(hotelID,employee_sin) VALUES ('24','38');
INSERT INTO "Project".emp_to_hotel(hotelID,employee_sin) VALUES ('30','39');
INSERT INTO "Project".emp_to_hotel(hotelID,employee_sin) VALUES ('30','40');
INSERT INTO "Project".emp_to_hotel(hotelID,employee_sin) VALUES ('30','41');
INSERT INTO "Project".emp_to_hotel(hotelID,employee_sin) VALUES ('15','42');
INSERT INTO "Project".emp_to_hotel(hotelID,employee_sin) VALUES ('2','43');
INSERT INTO "Project".emp_to_hotel(hotelID,employee_sin) VALUES ('30','44');
INSERT INTO "Project".emp_to_hotel(hotelID,employee_sin) VALUES ('15','45');
INSERT INTO "Project".emp_to_hotel(hotelID,employee_sin) VALUES ('2','46');
INSERT INTO "Project".emp_to_hotel(hotelID,employee_sin) VALUES ('14','47');
INSERT INTO "Project".emp_to_hotel(hotelID,employee_sin) VALUES ('13','48');
INSERT INTO "Project".emp_to_hotel(hotelID,employee_sin) VALUES ('29','49');
INSERT INTO "Project".emp_to_hotel(hotelID,employee_sin) VALUES ('5','50');
INSERT INTO "Project".emp_to_hotel(hotelID,employee_sin) VALUES ('18','51');
INSERT INTO "Project".emp_to_hotel(hotelID,employee_sin) VALUES ('23','52');
INSERT INTO "Project".emp_to_hotel(hotelID,employee_sin) VALUES ('12','53');
INSERT INTO "Project".emp_to_hotel(hotelID,employee_sin) VALUES ('27','54');
INSERT INTO "Project".emp_to_hotel(hotelID,employee_sin) VALUES ('22','55');
INSERT INTO "Project".emp_to_hotel(hotelID,employee_sin) VALUES ('20','56');
INSERT INTO "Project".emp_to_hotel(hotelID,employee_sin) VALUES ('28','57');
INSERT INTO "Project".emp_to_hotel(hotelID,employee_sin) VALUES ('15','58');
INSERT INTO "Project".emp_to_hotel(hotelID,employee_sin) VALUES ('4','59');

select * from brand_to_hotel
select * from customer
select * from emp_to_hotel
select * from employee
select * from hotel
select * from hotel_brand
select * from hotel_to_room 
drop table hotel_to_room
select * from room
INSERT INTO "Project".customer(sin,first_name,last_name, customer_address, registration_date) VALUES ('1','Danathan','Chang',(70,'Haze Road', 'Ottawa', 'British Columbia', 'USA') ,'1999-05-05');
INSERT INTO "Project".customer(sin,first_name,last_name, customer_address, registration_date) VALUES ('2','Kennethan','Escobar',(314,'Yellow Circle', 'Tripoli', 'Manitoba', 'USA') ,'1999-05-05');
INSERT INTO "Project".customer(sin,first_name,last_name, customer_address, registration_date) VALUES ('3','Danathan','Li',(19,'Black Street', 'Ottawa', 'British Columbia', 'Italy') ,'1999-05-05');
INSERT INTO "Project".customer(sin,first_name,last_name, customer_address, registration_date) VALUES ('4','Erold','Li',(349,'Blue Ave', 'Berlin', 'Ontario', 'Italy') ,'1999-05-05');
INSERT INTO "Project".customer(sin,first_name,last_name, customer_address, registration_date) VALUES ('5','Joeanne','Chang',(463,'Purple Street', 'Ottawa', 'Manitoba', 'Canada') ,'1999-05-05');
INSERT INTO "Project".customer(sin,first_name,last_name, customer_address, registration_date) VALUES ('6','Simoneo','Yauza',(299,'Purple Street', 'Toronto', 'Ontario', 'Canada') ,'1999-05-05');
INSERT INTO "Project".customer(sin,first_name,last_name, customer_address, registration_date) VALUES ('7','Simoneo','Yauza',(228,'Red Ave', 'Moscow', 'Ontario', 'USA') ,'1999-05-05');
INSERT INTO "Project".customer(sin,first_name,last_name, customer_address, registration_date) VALUES ('8','Danathan','Yauza',(194,'Haze Street', 'England', 'Quebec', 'Italy') ,'1999-05-05');
INSERT INTO "Project".customer(sin,first_name,last_name, customer_address, registration_date) VALUES ('9','Erold','Chang',(278,'Haze Ave', 'England', 'Quebec', 'Canada') ,'1999-05-05');
INSERT INTO "Project".customer(sin,first_name,last_name, customer_address, registration_date) VALUES ('10','Ronathan','Li',(99,'Black Street', 'Toronto', 'Alberta', 'USA') ,'1999-05-05');

INSERT INTO "Project".hotel_to_room(room_num,hotelID) VALUES ('0','3');
INSERT INTO "Project".hotel_to_room(room_num,hotelID) VALUES ('1','18');
INSERT INTO "Project".hotel_to_room(room_num,hotelID) VALUES ('2','19');
INSERT INTO "Project".hotel_to_room(room_num,hotelID) VALUES ('3','27');
INSERT INTO "Project".hotel_to_room(room_num,hotelID) VALUES ('4','23');
INSERT INTO "Project".hotel_to_room(room_num,hotelID) VALUES ('5','23');
INSERT INTO "Project".hotel_to_room(room_num,hotelID) VALUES ('6','4');
INSERT INTO "Project".hotel_to_room(room_num,hotelID) VALUES ('7','6');
INSERT INTO "Project".hotel_to_room(room_num,hotelID) VALUES ('8','10');
INSERT INTO "Project".hotel_to_room(room_num,hotelID) VALUES ('9','10');
INSERT INTO "Project".hotel_to_room(room_num,hotelID) VALUES ('10','30');
INSERT INTO "Project".hotel_to_room(room_num,hotelID) VALUES ('11','20');
INSERT INTO "Project".hotel_to_room(room_num,hotelID) VALUES ('12','14');
INSERT INTO "Project".hotel_to_room(room_num,hotelID) VALUES ('13','17');
INSERT INTO "Project".hotel_to_room(room_num,hotelID) VALUES ('14','22');
INSERT INTO "Project".hotel_to_room(room_num,hotelID) VALUES ('15','28');
INSERT INTO "Project".hotel_to_room(room_num,hotelID) VALUES ('16','12');
INSERT INTO "Project".hotel_to_room(room_num,hotelID) VALUES ('17','29');
INSERT INTO "Project".hotel_to_room(room_num,hotelID) VALUES ('18','19');
INSERT INTO "Project".hotel_to_room(room_num,hotelID) VALUES ('19','15');
INSERT INTO "Project".hotel_to_room(room_num,hotelID) VALUES ('20','17');
INSERT INTO "Project".hotel_to_room(room_num,hotelID) VALUES ('21','21');
INSERT INTO "Project".hotel_to_room(room_num,hotelID) VALUES ('22','3');
INSERT INTO "Project".hotel_to_room(room_num,hotelID) VALUES ('23','25');
INSERT INTO "Project".hotel_to_room(room_num,hotelID) VALUES ('24','11');
INSERT INTO "Project".hotel_to_room(room_num,hotelID) VALUES ('25','23');
INSERT INTO "Project".hotel_to_room(room_num,hotelID) VALUES ('26','6');
INSERT INTO "Project".hotel_to_room(room_num,hotelID) VALUES ('27','1');
INSERT INTO "Project".hotel_to_room(room_num,hotelID) VALUES ('28','20');
INSERT INTO "Project".hotel_to_room(room_num,hotelID) VALUES ('29','13');
INSERT INTO "Project".hotel_to_room(room_num,hotelID) VALUES ('30','8');
INSERT INTO "Project".hotel_to_room(room_num,hotelID) VALUES ('31','24');
INSERT INTO "Project".hotel_to_room(room_num,hotelID) VALUES ('32','2');
INSERT INTO "Project".hotel_to_room(room_num,hotelID) VALUES ('33','11');
INSERT INTO "Project".hotel_to_room(room_num,hotelID) VALUES ('34','1');
INSERT INTO "Project".hotel_to_room(room_num,hotelID) VALUES ('35','22');
INSERT INTO "Project".hotel_to_room(room_num,hotelID) VALUES ('36','14');
INSERT INTO "Project".hotel_to_room(room_num,hotelID) VALUES ('37','30');
INSERT INTO "Project".hotel_to_room(room_num,hotelID) VALUES ('38','14');
INSERT INTO "Project".hotel_to_room(room_num,hotelID) VALUES ('39','6');
INSERT INTO "Project".hotel_to_room(room_num,hotelID) VALUES ('40','11');
INSERT INTO "Project".hotel_to_room(room_num,hotelID) VALUES ('41','3');
INSERT INTO "Project".hotel_to_room(room_num,hotelID) VALUES ('42','22');
INSERT INTO "Project".hotel_to_room(room_num,hotelID) VALUES ('43','15');
INSERT INTO "Project".hotel_to_room(room_num,hotelID) VALUES ('44','10');
INSERT INTO "Project".hotel_to_room(room_num,hotelID) VALUES ('45','6');
INSERT INTO "Project".hotel_to_room(room_num,hotelID) VALUES ('46','22');
INSERT INTO "Project".hotel_to_room(room_num,hotelID) VALUES ('47','30');
INSERT INTO "Project".hotel_to_room(room_num,hotelID) VALUES ('48','19');
INSERT INTO "Project".hotel_to_room(room_num,hotelID) VALUES ('49','2');

insert into "Project".works_under(manager_SIN,employee_sin) values('1','2');
insert into "Project".works_under(manager_SIN,employee_sin) values('1','3');
insert into "Project".works_under(manager_SIN,employee_sin) values('1','4');
insert into "Project".works_under(manager_SIN,employee_sin) values('1','5');
insert into "Project".works_under(manager_SIN,employee_sin) values('1','6');
insert into "Project".works_under(manager_SIN,employee_sin) values('1','8');
insert into "Project".works_under(manager_SIN,employee_sin) values('1','10');
